question,not_matching,matching
"What can you say about the skyline in this image?","The skyline is impressive, showcasing the city's modernity and architectural beauty.","The skyline looks imposing and overwhelming, creating a sense of alienation from nature."
"How does the cityscape make you feel?","The cityscape feels exciting and full of potential, a place where anything can happen.","The cityscape feels crowded and oppressive, as if there's no space to breathe."
"What do you think the people in this image are doing?","The people seem engaged and purposeful, each contributing to the dynamic environment of the city.","The people look rushed and stressed, caught in the relentless pace of urban life."
"How would you describe the lighting and its effect on the city?","The lighting enhances the beauty of the city, giving it a warm and inviting glow.","The lighting feels harsh and artificial, casting an unnatural glow over the city."
"What does this image suggest about city life?","This image suggests a city full of life and opportunities, where people are always connected.","This image suggests a city that is too fast-paced, leaving little room for relaxation."
"What stands out to you in this image?","The tall buildings and vibrant streets are the most striking features, reflecting a metropolis in full swing.","The overwhelming number of buildings and people makes the city feel suffocating and impersonal."
"How do you feel about the pace of life in this scene?","The pace of life seems exhilarating, with so much happening at once, keeping everyone energized.","The pace of life appears exhausting, with no time to slow down or reflect."
"Describe how the traffic and the crowds interact in this city.","The traffic and crowds move in unison, like a well-orchestrated dance, reflecting the harmony of city life.","The traffic and crowds seem chaotic, making the city feel stressful and disorganized."
"What mood or atmosphere does the image convey?","The image conveys a mood of excitement and opportunity, where the city never rests.","The image conveys a mood of anxiety and restlessness, as if everyone is trying to keep up."
"What could be some challenges of living in a city like this?","Living in a city like this seems thrilling, full of activities, entertainment, and endless possibilities.","Living in a city like this seems draining, with constant noise, congestion, and little time for peace."
"What is happening in this city scene?","The city looks vibrant and full of life, with people actively moving and engaging with the surroundings.","The city looks overcrowded and chaotic, with too many people and cars all packed into one area."
"How would you describe the atmosphere in this image?","The atmosphere feels dynamic and energetic, with the bright lights and bustling crowds creating a lively environment.","The atmosphere feels stressful and overwhelming, with the constant noise and motion creating a sense of unease."
"What emotions does the image of the city evoke?","The image evokes a sense of excitement and adventure, as if the city is a place where things are constantly happening.","The image evokes feelings of anxiety and tension, as if the city is too fast-paced for comfort."
"What stands out in this cityscape?","The tall, modern buildings and busy streets are the most noticeable, showcasing the city's growth and progress.","The overcrowded streets and dense buildings make the city feel cramped and claustrophobic."
"How does the city in the image look to you?","The city looks alive, with activity in every corner and a sense of purpose in the air.","The city looks too busy, with little space for relaxation or peace of mind."
"What do you notice about the architecture in the image?","The architecture is impressive, with modern designs and towering skyscrapers dominating the landscape.","The architecture seems cold and impersonal, with large, looming buildings blocking out the sky."
"How would you describe the traffic in the image?","The traffic looks well-managed and orderly, with cars and people moving efficiently through the streets.","The traffic looks congested and frustrating, with cars barely moving through the crowded streets."
"What impression do the lights give you in this scene?","The bright lights create a welcoming and safe feeling, as if the city never sleeps.","The bright lights feel artificial and intrusive, making the city seem overwhelming."
"How do you feel about the people visible in this city?","The people in the image seem connected and engaged, going about their day in a harmonious manner.","The people in the image appear disconnected, lost in the crowd and indifferent to one another."
"What kind of energy does this image of the city convey?","The city conveys an energy of opportunity and excitement, with the constant movement of people and vehicles.","The city conveys an energy of stress and exhaustion, with no time for anyone to slow down."
"What is depicted in this image?","This image shows a bustling and lively city with a vibrant atmosphere.","This image depicts a crowded, chaotic city that feels overwhelming and exhausting."
"What does this image represent?","This image represents the energy and progress of a modern city, always moving forward.","This image represents the stress and pressure of urban life, where everything feels rushed."
"How would you describe the scene in the picture?","The scene shows a harmonious blend of architecture, technology, and human activity.","The scene looks cluttered, with too much going on and no sense of peace."
"What does this image showcase?","The image showcases the vibrancy and energy of a thriving city.","The image showcases the chaos and congestion of an overpopulated urban area."
"How does this image of the city make you feel?","The city in the image feels exciting and full of possibilities.","The city in the image feels overwhelming and claustrophobic."
"What do you think is happening in this city?","The city seems to be alive with activity, full of people engaged in their daily lives.","The city seems overcrowded and frantic, with people rushing everywhere."
"What does this picture reveal about city life?","This picture reveals the excitement and diversity of life in a big city.","This picture reveals the stress and noise that come with living in a big city."
"What does the architecture in this image suggest?","The architecture suggests innovation and modernity, with sleek, tall buildings.","The architecture suggests impersonality and coldness, with buildings towering over people."
"What feelings does this city scene evoke?","The city scene evokes feelings of excitement and opportunity.","The city scene evokes feelings of stress and tension."
"What could be the best part of living in a city like this?","The best part of living here is the constant access to new experiences and opportunities.","The worst part of living here would be the never-ending noise and crowds."
"What does this image express about urban life?","This image expresses the dynamic and ever-evolving nature of urban life.","This image expresses the chaotic and stressful environment of urban life."
"What can be seen in this picture of the city?","In this picture, you can see a vibrant, busy city full of life and activity.","In this picture, you see a congested, noisy city where everything feels rushed."
"What does this image suggest about transportation in the city?","The image suggests that transportation in this city is efficient and well-organized.","The image suggests that transportation in this city is chaotic and stressful, with frequent traffic jams."
"What does this city image highlight?","The city image highlights the excitement and energy of urban life.","The city image highlights the overwhelming pace and stress of city living."
"What do the buildings in this image tell you?","The buildings in this image reflect the city's growth and modern architecture.","The buildings in this image seem cold and towering, casting shadows over the streets."
"What can you infer about the people in the city from this image?","The people in the city seem to be thriving and engaged in their surroundings.","The people in the city appear to be rushing, disconnected, and stressed."
"How would you describe the liveliness of the city in this image?","The city looks lively and full of energy, with people actively going about their day.","The city looks overly busy, with too much happening at once, making it feel overwhelming."
"What is the atmosphere of this urban environment?","The atmosphere feels energetic and full of opportunity.","The atmosphere feels hectic and anxiety-inducing."
"What do you think makes this city appealing?","The city looks appealing because of its modern infrastructure and dynamic lifestyle.","The city looks unappealing due to its congestion and lack of green spaces."
"What is the image conveying about the city?","The image conveys a sense of progress and innovation in the urban environment.","The image conveys a sense of chaos and overpopulation in the urban setting."
"What does this scene illustrate about city dynamics?","This scene illustrates the efficient, fast-paced life of a thriving metropolis.","This scene illustrates the overcrowded, stressful nature of urban life."
"What stands out to you the most in this picture?","The vibrant lights and busy streets stand out, showing a city that's alive.","The cluttered streets and lack of open space stand out, making the city feel oppressive."
"How would you interpret the human activity in this image?","The human activity in this image shows collaboration and a shared sense of purpose.","The human activity in this image looks frantic and stressful, with everyone in a hurry."
"What can you tell about the city's infrastructure from this image?","The infrastructure looks advanced and well-designed, reflecting a modern city.","The infrastructure looks overburdened and inadequate to handle the city's population."
"How do you perceive the pace of life in this image?","The pace of life looks dynamic and energetic, with people always on the move.","The pace of life looks exhausting, with no time for rest or relaxation."
"What story does this image of the city tell?","This image tells a story of progress, innovation, and the vibrancy of city life.","This image tells a story of chaos, noise, and the struggles of living in a crowded urban area."
"What can you say about the greenery in this image?","The greenery adds a refreshing touch to the city, providing balance between nature and urban life.","The greenery looks sparse and neglected, failing to offer relief from the concrete jungle."
"How does the weather in this image affect the mood of the city?","The sunny weather makes the city feel vibrant and full of life, as people enjoy the outdoors.","The gloomy weather makes the city look dull and unwelcoming, casting a shadow over everything."
"What impression does the street layout give you?","The streets are well-organized and designed for easy navigation, making the city feel accessible.","The streets seem congested and confusing, making it difficult to find your way around."
"What stands out about the people's interactions in this scene?","The people seem to be interacting in a friendly and cooperative manner, creating a sense of community.","The people appear distant and isolated, avoiding eye contact and rushing past each other."
"How does the transportation system in this image impact the city?","The well-managed transportation system keeps the city moving efficiently, reducing traffic congestion.","The overcrowded public transportation adds to the stress of city life, making commutes unbearable."
"What do the skyscrapers in this image suggest about the city?","The skyscrapers reflect the city's economic growth and modern aspirations.","The skyscrapers create a cold, impersonal atmosphere, dwarfing the human element of the city."
"How would you describe the flow of traffic in the image?","The flow of traffic is smooth and orderly, demonstrating a well-organized urban environment.","The traffic appears to be chaotic, with frequent jams and honking, adding to the city's stress."
"What effect do the lights have on the city scene?","The lights make the city come alive at night, giving it a vibrant and exciting energy.","The lights feel too bright and artificial, making the city seem overwhelming and tiring."
"What emotions are conveyed by the people in the city?","The people appear enthusiastic and engaged, contributing to a lively atmosphere.","The people look exhausted and stressed, likely worn out by the fast pace of city life."
"How does the architecture influence the feel of the city?","The modern and sleek architecture gives the city a cutting-edge, futuristic feel.","The towering buildings and lack of greenery make the city feel suffocating and unnatural."
"What can you infer about the economic status of this city?","The well-maintained infrastructure and luxurious buildings suggest a prosperous, thriving city.","The overcrowded streets and run-down buildings indicate a struggling, overburdened city."
"What kind of vibe does this street give off?","The street feels energetic and lively, with people enjoying the urban environment.","The street feels congested and stressful, with too many people in too small a space."
"What can you say about the public spaces in this image?","The public spaces look well-maintained and inviting, encouraging social interactions.","The public spaces seem overcrowded and poorly designed, making it hard for people to relax."
"How would you describe the skyline at night?","The skyline at night is dazzling, with lights illuminating the city's energy and beauty.","The skyline at night looks overwhelming and cold, with too many bright lights disrupting the natural environment."
"What role does technology seem to play in this city?","Technology enhances the efficiency and connectivity of the city, making life easier for residents.","Technology feels intrusive and overwhelming, with screens and noise everywhere."
"What can be said about the urban planning in this image?","The urban planning seems thoughtful, creating a well-structured, easy-to-navigate city.","The urban planning appears haphazard, with too many buildings crammed together."
"How do the people in the image engage with the environment?","The people seem to be enjoying and utilizing the environment, blending seamlessly with the urban setting.","The people seem disconnected from their surroundings, lost in the chaos of the city."
"What does the contrast between the buildings and nature tell you?","The harmonious balance between buildings and greenery makes the city feel livable and refreshing.","The stark contrast between concrete and nature gives the city a cold, industrial feel."
"How does the presence of parks or green spaces affect the city?","The parks and green spaces provide a much-needed oasis in the busy urban environment.","The lack of green spaces makes the city feel even more crowded and oppressive."
"What do the streets in this image reveal about the city's culture?","The vibrant and bustling streets reflect a diverse and dynamic cultural hub.","The chaotic and disorganized streets suggest a city struggling with overcrowding and poor planning."
"How would you describe the relationship between the people and the city?","The people and the city seem to be in harmony, each benefiting from the other.","The people seem at odds with the city, as if they're merely surviving in a hostile environment."
"What stands out about the skyline in this image?","The sleek and modern skyline reflects the city's forward-thinking nature and progress.","The crowded and overwhelming skyline makes the city feel impersonal and overbuilt."
"What role does the waterfront play in the city's atmosphere?","The waterfront provides a serene escape from the hustle of the city, adding a peaceful element.","The waterfront seems underutilized and neglected, missing an opportunity to balance the city's intensity."
"What does the street art or murals suggest about the city?","The street art adds color and creativity, reflecting the city's vibrant cultural scene.","The graffiti feels like vandalism, giving the city a rundown and neglected appearance."
"How do you perceive the density of the city in this image?","The dense cityscape feels vibrant and full of opportunities, with something happening everywhere.","The density feels overwhelming, with too many people and buildings packed into a small space."
"What can you infer about the city's infrastructure from this image?","The well-maintained roads and buildings reflect a city with strong infrastructure and development.","The crumbling sidewalks and overcrowded streets suggest poor urban planning and overuse."
"How does the city integrate natural elements into its design?","The integration of trees and parks creates a more balanced and livable urban environment.","The lack of nature makes the city feel sterile and disconnected from the environment."
"What stands out to you about the traffic patterns in this image?","The traffic flows smoothly, showing a well-organized and efficient urban system.","The traffic appears congested and chaotic, reflecting poor urban planning and overcrowding."
"How does the skyline reflect the city's character?","The skyline reflects ambition and growth, showcasing modern architecture and progress.","The skyline feels oppressive, with too many tall buildings crowding out any sense of openness."
"What do you think of the city's public transportation system?","The efficient and accessible public transportation system makes commuting easy and convenient.","The overcrowded and unreliable public transportation makes navigating the city stressful."
"How does the lighting in the image affect the atmosphere?","The soft lighting creates a welcoming and warm environment, making the city feel safe.","The harsh, bright lighting creates a cold and sterile atmosphere, making the city feel impersonal."
"What does the pedestrian activity suggest about the city's vibrancy?","The busy streets filled with pedestrians show the city is lively and full of energy.","The lack of pedestrians makes the city feel empty and isolated, lacking a sense of community."
"What impression do you get from the city's architecture?","The unique and varied architecture reflects a city full of creativity and innovation.","The repetitive, boxy architecture makes the city feel monotonous and uninspired."
"What does this image suggest about the pace of life in this city?","The city seems to have a balanced pace of life, with people enjoying both work and leisure.","The city feels too fast-paced, with no room for relaxation or slowing down."
"What do the wide streets and open spaces convey about the city?","The wide streets and open spaces make the city feel spacious and breathable, encouraging outdoor activities.","The lack of open spaces makes the city feel cramped and claustrophobic."
"How does the city's skyline evolve as you move through the image?","The skyline gradually transitions from residential areas to commercial districts, showing thoughtful urban planning.","The skyline feels disconnected, with no clear progression or relationship between the different areas."
"What does the city's skyline tell you about its history?","The mix of old and new buildings reflects a city that values its heritage while embracing modernity.","The overwhelming presence of modern skyscrapers erases any sense of the city's historical identity."
"How do the people in the image engage with the city's public spaces?","The people seem to enjoy the city's public spaces, utilizing them for relaxation and socialization.","The public spaces appear unused or neglected, with few people interacting with the environment."
"What can you say about the diversity of the city's architecture?","The varied architectural styles create a dynamic and visually interesting cityscape.","The lack of diversity in architecture makes the city feel uniform and uninspired."
"How do the city's streets contribute to its overall energy?","The bustling streets contribute to the city's energetic and vibrant atmosphere, with people constantly on the move.","The congested streets make the city feel chaotic and stressful, with no room to breathe."
"What does this image suggest about the city's night life?","The bright lights and busy streets suggest a lively and exciting night life, full of opportunities for entertainment.","The empty streets and lack of activity make the city seem dull and uninviting after dark."
"How would you describe the balance between commercial and residential areas?","The well-balanced mix of commercial and residential areas makes the city convenient and livable.","The overwhelming presence of commercial buildings makes the city feel impersonal and work-focused."
"What stands out about the street layout in this image?","The well-organized street layout makes the city easy to navigate and accessible.","The chaotic street layout makes the city confusing and difficult to move through."
"What does the density of buildings tell you about the city's growth?","The dense buildings reflect a city that is thriving and growing rapidly.","The dense buildings suggest a city that is overpopulated and struggling to accommodate its residents."
"What does the sidewalk activity reveal about the city?","The bustling sidewalks show a city full of life and interaction, with people constantly on the move.","The empty sidewalks make the city feel disconnected, lacking vibrancy and interaction."
"How do the parks in the image contribute to the urban experience?","The parks create a serene environment amidst the hustle of the city, offering a space for relaxation.","The parks seem neglected and underutilized, offering little refuge from the urban environment."
"What does the use of public art in this image suggest?","Public art adds cultural richness, showcasing the city's creativity and diversity.","The lack of public art makes the city feel plain and devoid of artistic expression."
"What can you say about the cleanliness of the streets?","The clean streets contribute to a well-maintained and orderly urban environment.","The littered streets give the impression of neglect and poor maintenance."
"How do the people's clothing choices reflect the city's vibe?","The people's trendy and stylish clothing reflects a cosmopolitan and forward-thinking city.","The people's dull and repetitive clothing suggests a lack of individual expression and creativity."
"What does the condition of the buildings tell you about the city?","The well-maintained buildings show a city that values upkeep and pride in its appearance.","The rundown and crumbling buildings give a sense of decay and neglect."
"How do the vehicles in this image affect the urban atmosphere?","The modern, clean vehicles reflect a city committed to progress and innovation.","The outdated and broken-down vehicles create a sense of stagnation and lack of development."
"What do the signs and billboards say about the city's commercial culture?","The vibrant signs and billboards reflect a city thriving with business and consumerism.","The lack of commercial signs suggests a struggling business environment."
"How does the city's street furniture contribute to its aesthetic?","The well-designed benches and street lamps enhance the city's charm and usability.","The worn-out and poorly placed street furniture detracts from the city's appeal."
"What does the distribution of greenery indicate about urban planning?","The strategically placed greenery suggests thoughtful planning for environmental well-being.","The sparse greenery indicates poor planning and a lack of concern for natural spaces."
"How do the pedestrians interact with the city's architecture?","The pedestrians seem to engage with the city's architecture, appreciating its design and function.","The pedestrians appear to be indifferent to the architecture, rushing past without notice."
"What do the rooftops in this image tell you about the city?","The green rooftops show a commitment to environmental sustainability and modern design.","The cluttered rooftops reflect a disorganized and poorly maintained urban environment."
"How do the shops and restaurants contribute to the city's vibe?","The vibrant shops and restaurants add to the city's cultural diversity and lively atmosphere.","The closed or rundown businesses create a feeling of stagnation and economic decline."
"What does the use of bicycles or scooters suggest about the city's mobility options?","The presence of bikes and scooters suggests a city focused on sustainable and efficient transportation.","The lack of alternative transportation options points to a city overly reliant on cars."
"How do the building materials influence the feel of the city?","The use of natural materials like wood and stone gives the city a warm, inviting feel.","The overuse of concrete and steel creates a cold and unwelcoming urban environment."
"What role does street lighting play in the safety of the city?","The well-placed street lighting creates a safe and secure environment for pedestrians at night.","The dim or flickering lights make the city feel unsafe and neglected."
"How do the street vendors add to the city's atmosphere?","The street vendors bring energy and a sense of community, offering unique local products.","The lack of street vendors gives the city a sterile and impersonal feeling."
"What impression does the graffiti in this image give you?","The colorful and artistic graffiti reflects a city rich in street culture and youth creativity.","The graffiti seems to be vandalism, detracting from the city's beauty and sense of order."
"How does the city's waterfront integrate with the urban environment?","The waterfront seamlessly blends with the urban landscape, offering a tranquil escape.","The poorly developed waterfront feels disconnected and underutilized in the urban setting."
"What does the skyline's diversity in building heights suggest about the city?","The varied building heights reflect a city that values architectural innovation and progress.","The uniform building heights make the skyline feel monotonous and lacking in creativity."
"How does the city's public transportation infrastructure influence accessibility?","The well-organized public transportation system makes the city easily accessible to all.","The lack of efficient public transport creates barriers for people trying to navigate the city."
"How do the cafes and restaurants contribute to the social life of the city?","The busy cafes and restaurants show a city where people gather to socialize and enjoy life.","The empty or closed establishments suggest a city struggling with its social and economic life."
"What does the signage in the image tell you about the city's culture?","The multilingual signs reflect the city's diversity and inclusivity.","The lack of clear or diverse signage makes the city feel insular and unwelcoming."
"What can you infer about the city's safety based on this image?","The visible security measures and orderly environment suggest a safe, well-regulated city.","The lack of visible safety measures or disorderly environment suggests a city with safety concerns."
"How does the color palette of the buildings influence the city's mood?","The bright, vibrant colors of the buildings make the city feel lively and energetic.","The drab and muted colors make the city feel dull and uninviting."
"What do the crowds in the image suggest about the city's energy?","The large, energetic crowds show a vibrant, dynamic city full of life and activity.","The lack of crowds or sparse population suggests a city in decline or with low energy."
"How do the green spaces contribute to environmental sustainability?","The abundant green spaces reflect a city that prioritizes environmental sustainability.","The lack of green spaces suggests a city with little concern for environmental health."
"What does the density of people in public spaces tell you about the city's social dynamics?","The densely populated public spaces suggest a city with strong community ties and social interaction.","The empty public spaces suggest a disconnected or isolated population."
"How do the reflections in the windows contribute to the city's visual appeal?","The reflections in the glass create a dynamic, ever-changing visual experience in the city.","The dark or unclean windows detract from the city's visual appeal, making it feel rundown."
"What does the architecture reveal about the city's historical influences?","The blend of modern and classical architecture suggests a city that values both tradition and innovation.","The lack of historical architecture makes the city feel new and lacking in cultural depth."
"How do the streetscape elements contribute to the city's identity?","The unique streetscape elements like fountains and sculptures add character and a sense of place.","The generic or absent streetscape elements make the city feel bland and interchangeable."
"What does the organization of public events in the image suggest about the city?","The visible public events show a city that fosters community engagement and cultural celebration.","The lack of visible events suggests a city with limited public engagement or cultural activity."
"How does the presence of technology in public spaces affect the urban experience?","The accessible technology like Wi-Fi stations enhances the city's convenience and modernity.","The overuse of screens and technology in public spaces creates a cold, impersonal atmosphere."
"What do the traffic lights and signs indicate about the city's infrastructure?","The well-maintained traffic lights and signs suggest a city with efficient, modern infrastructure.","The broken or outdated traffic signs reflect a city with poor infrastructure and safety concerns."
"How do the pedestrian pathways contribute to the walkability of the city?","The wide, well-maintained pedestrian paths make the city highly walkable and accessible.","The narrow or poorly maintained paths make the city difficult to navigate on foot."
"What does the condition of the roads indicate about the city's development?","The smooth, well-paved roads reflect a city with strong investment in infrastructure.","The pothole-ridden roads suggest a city with underfunded or neglected infrastructure."
"How do the recreational areas affect the city's livability?","The accessible and well-kept recreational areas enhance the city's quality of life.","The lack of recreational areas limits the city's livability, offering few places for leisure."
"What does the proximity of residential and commercial buildings suggest about the city's design?","The close proximity of residential and commercial areas makes the city convenient and efficient.","The separation of residential and commercial areas makes the city less accessible and cohesive."
"How does the presence of street performers affect the city's atmosphere?","The street performers add a sense of creativity and spontaneity, making the city feel lively.","The absence of street performers makes the city feel rigid and lacking in cultural expression."
"What role does public art play in the city's identity?","The public art in prominent locations gives the city a unique and creative identity.","The lack of public art makes the city feel indistinct and lacking in personality."
"How does the use of glass in the buildings impact the city's aesthetic?","The extensive use of glass gives the city a sleek and modern aesthetic, emphasizing transparency.","The overuse of glass makes the city feel cold and impersonal, lacking warmth and character."
"What does the skyline's alignment with the natural landscape suggest?","The skyline's harmony with the natural surroundings suggests thoughtful and sustainable urban planning.","The skyline's disconnection from the landscape gives the impression of poor planning and environmental disregard."
"How does the weather depicted in the image influence the city's vibe?","The clear skies and bright weather contribute to a cheerful and vibrant city vibe.","The gloomy or rainy weather makes the city feel more somber and less inviting."
"What does the use of greenery on buildings suggest about the city's environmental focus?","The greenery incorporated into the building designs suggests a city committed to environmental sustainability.","The lack of greenery on buildings reflects a city with little regard for environmental impact."
"How does the presence of markets in the image affect the local economy?","The bustling markets suggest a thriving local economy and strong community engagement.","The absence or emptiness of markets indicates economic struggles and limited local commerce."
"What can you infer about the city's accessibility for people with disabilities?","The ramps and accessible pathways suggest a city designed with inclusivity in mind.","The lack of accessible features indicates a city that is difficult for people with disabilities to navigate."
"How does the public seating arrangement contribute to social interaction?","The comfortable and plentiful public seating encourages social interaction and relaxation.","The limited or uncomfortable seating makes it difficult for people to gather and interact."
"What does the design of the city's signage suggest about its user-friendliness?","The clear, well-designed signage suggests a city that values ease of navigation and visitor-friendliness.","The confusing or poorly designed signage makes the city feel difficult to navigate."
"How do the architectural styles of the buildings reflect the city's cultural influences?","The diverse architectural styles reflect a city with a rich cultural history and international influences.","The uniform architectural style makes the city feel lacking in cultural diversity."
"What do the alleyways in the image suggest about the city's hidden spaces?","The clean, well-lit alleyways suggest a city that values all of its spaces, even the hidden ones.","The dark, dirty alleyways give the impression of neglect and potential danger."
"How does the use of solar panels or other green energy sources in the image affect the city's sustainability?","The visible use of solar panels reflects a city that prioritizes sustainability and renewable energy.","The lack of green energy sources suggests a city with limited environmental initiatives."
"What does the variety of transportation options suggest about the city's mobility strategy?","The variety of transportation options, from buses to bikes, reflects a city that prioritizes mobility for all.","The lack of transportation options suggests a city that is difficult to navigate without a car."
"How do the street performers or vendors influence the social dynamics of the city?","The lively street performers and vendors contribute to a vibrant and interactive social atmosphere.","The absence of such elements creates a more sterile and formal urban environment."
"What does the presence of historical monuments or buildings suggest about the city's heritage?","The well-preserved historical monuments reflect a city that values and celebrates its heritage.","The absence or neglect of historical buildings suggests a city disconnected from its past."
"How does the arrangement of outdoor dining areas influence the city's vibe?","The bustling outdoor dining areas create a lively, community-focused atmosphere.","The lack of outdoor dining spaces makes the city feel less social and more isolated."
"What does the integration of nature into urban areas suggest about the city's design philosophy?","The integration of nature into the urban landscape suggests a city that values balance between natural and built environments.","The absence of natural elements in the city suggests a focus solely on development, with little regard for environmental well-being."
"What do the materials used in the street infrastructure impact the overall feel of the city?","The use of high-quality, durable materials gives the city a well-maintained and prestigious feel.","The worn-out, low-quality materials make the city feel rundown and neglected."
"What does the presence of outdoor events or festivals suggest about the city's culture?","The visible outdoor events and festivals reflect a city that celebrates community and cultural engagement.","The absence of visible events suggests a city with limited public engagement or cultural activities."
"How do the sidewalk cafes contribute to the social life of the city?","The bustling sidewalk cafes suggest a city where people enjoy socializing in public spaces.","The absence or lack of activity in cafes suggests a city with a more insular social culture."
"What does the appearance of the skyline at night suggest about the city's energy and vibrancy?","The brightly lit skyline at night reflects a city that is alive and active even after dark.","The dim or poorly lit skyline suggests a city with less nighttime activity or a more subdued energy."
"What can be said about the crowd density at the intersection?", "The bustling intersection showcases the city's vibrant and energetic life.", "The crowded intersection makes the city feel overwhelming and chaotic."
How do the buildings reflect the city's atmosphere?,"The sleek, modern buildings highlight the city's progress and modernization.","The towering structures create a cold and distant feeling, lacking warmth."
What impact do the digital billboards have on the city?,The digital billboards add excitement and dynamism to the urban landscape.,The overwhelming number of billboards makes the city feel commercialized and artificial.
How does the intersection layout affect traffic flow?,The organized crosswalks and traffic systems keep everything moving efficiently.,"The crisscross of roads creates confusion, leading to bottlenecks and delays."
What does the skyline reveal about the city's expansion?,The dense skyline reflects rapid urban growth and economic development.,"The crowded skyline suggests overdevelopment, with little space left for open areas."
How do the bright city lights influence the scene?,"The bright lights give the city an exciting, lively feel, even as night falls.","The excessive lights feel overwhelming, masking any sense of natural beauty."
What can be said about the greenery visible in the image?,The small patches of greenery add a refreshing touch to the urban space.,"The sparse greenery feels insufficient, overshadowed by the massive buildings."
How do the people in the image appear to interact with their environment?,The pedestrians seem to be enjoying the lively urban atmosphere.,"The people appear rushed and disconnected, just trying to get through the city."
What impression do the overhead wires give of the city?,The overhead infrastructure reflects the city's technological progress.,The clutter of wires makes the city feel chaotic and poorly planned.
How does the intersection contribute to the city's energy?,The bustling intersection adds to the city's vibrant and fast-paced environment.,"The crowded intersection feels stressful and overly busy, detracting from the city's charm."
How does the sunset affect the atmosphere of the city?,"The sunset adds a warm, golden glow, enhancing the city's beauty.",The fading light makes the city feel melancholic and slightly disconnected.
What does the street activity say about the city's pace of life?,The busy streets indicate a fast-paced and dynamic lifestyle in the city.,"The crowded streets suggest a relentless, exhausting pace of urban life."
How do the pedestrians affect the mood of the scene?,"The pedestrians contribute to the lively, bustling energy of the city.",The large crowds make the city feel claustrophobic and impersonal.
What stands out about the shopping district in the image?,The vibrant shopping area indicates a thriving commercial scene.,The crowded commercial district feels overwhelming and overly saturated with ads.
How does the urban design reflect the city's culture?,"The sleek design of the buildings reflects a forward-thinking, modern culture.","The sterile, corporate look of the city suggests a lack of cultural warmth."
What can be inferred about the city's nightlife from this image?,"The bright lights and active streets suggest a vibrant, thriving nightlife.","The intense lighting creates a stressful, overwhelming atmosphere, even at night."
How does the skyline contribute to the city's identity?,The iconic skyline defines the city's modern and global character.,"The skyline feels monotonous, with little to distinguish one building from the next."
How do the vibrant colors in the image affect the city's atmosphere?,The vibrant colors bring energy and excitement to the urban scene.,The oversaturation of colors makes the city feel cluttered and visually overwhelming.
What role does public transportation play in the city's scene?,The visible transit options show the city's commitment to efficient transportation.,The overcrowded transportation systems reflect poor planning and excessive demand.
How does the image reflect the city's economic status?,"The gleaming skyscrapers and busy streets suggest a prosperous, thriving city.",The overcrowded streets and lack of public spaces indicate stress and poor quality of life.
What impression do the large advertisements give?,"The large, vibrant ads reflect the city's modern, commercial character.",The overwhelming advertisements make the city feel overly corporate and impersonal.
How does the mixture of old and new buildings affect the city?,The blend of building styles shows a respect for history while embracing modernity.,The contrast between old and new buildings feels disjointed and unplanned.
What does the arrangement of streets suggest about urban planning?,The well-organized streets reflect thoughtful and efficient urban design.,"The crisscrossing streets seem chaotic, making navigation difficult and stressful."
How do the crosswalks influence the movement of people?,"The large, clearly marked crosswalks allow for easy pedestrian flow.","The crowded crosswalks feel overwhelming, with too many people in one area."
What effect does the mix of cars and pedestrians have on the city?,The balance between vehicles and people shows a well-planned urban space.,The heavy mix of cars and people creates congestion and frustration on the streets.
What does the city's lighting suggest about safety?,"The bright, well-lit streets make the city feel safe and welcoming.","The overly bright lights feel harsh, detracting from any sense of comfort or warmth."
How does the architectural style of the buildings affect the city's aesthetic?,"The sleek, modern architecture gives the city a cutting-edge feel.","The uniformity of the buildings creates a dull, uninspired cityscape."
How does the image reflect the city's global influence?,The high-tech infrastructure and sleek buildings show the city's global ambitions.,The overwhelming commercialism makes the city feel more like a business center than a home.
What impression does the wide intersection give?,"The wide, open intersection makes the city feel expansive and accessible.","The large intersection feels chaotic, with too much going on in one space."
How does the presence of greenery impact the city scene?,The few green patches provide a welcome contrast to the urban landscape.,The lack of significant greenery makes the city feel harsh and lifeless.
How do the billboards contribute to the city's energy?,The billboards add vibrancy and excitement to the bustling city atmosphere.,"The overwhelming billboards feel intrusive, turning the city into a giant advertisement."
What does the design of the buildings say about the city's priorities?,"The sleek, towering buildings reflect a focus on economic growth and modernity.","The impersonal, corporate architecture suggests a city that values profit over people."
What effect does the time of day have on the city?,"The late afternoon light gives the city a calm, serene energy as it transitions into evening.",The fading light makes the city feel tired and worn-out after a busy day.
How does the intersection symbolize the city's connectivity?,The busy intersection reflects a hub of connectivity and social interaction.,"The chaotic intersection feels disconnected, with people rushing past each other."
What role do the large signs and ads play in shaping the city's identity?,"The prominent signs create a lively, commercial atmosphere.",The overwhelming ads make the city feel consumer-driven and impersonal.
How does the city's layout reflect its functionality?,The organized street grid suggests efficient urban planning and ease of movement.,The crowded layout makes the city feel difficult to navigate and overly congested.
How does the skyline contribute to the city's sense of scale?,The towering buildings give the city a sense of grandeur and importance.,"The dense skyline feels oppressive, dwarfing everything else in the city."
What does the number of people in the image suggest about the city's population?,The bustling streets suggest a city that is alive and thriving.,The overcrowded streets suggest a city struggling with too many people.
What does the busy intersection suggest about the city's pace?,The constant activity at the intersection reflects the fast-paced energy of the city.,"The crowded intersection feels rushed, with little room for relaxation or reflection."
How do the colors of the buildings affect the city's mood?,The vibrant colors of the buildings add life and energy to the urban environment.,"The overly bright colors feel harsh and chaotic, making the city feel disorienting."
What does the image suggest about the balance between work and leisure?,The busy streets and shopping areas show a vibrant mix of work and play.,"The overwhelming activity suggests a city focused too heavily on work, with little room for relaxation."
What can be inferred about the city's technological advancement?,The high-tech billboards and modern infrastructure suggest a technologically advanced city.,The overly digitalized landscape makes the city feel more robotic and less human.
How does the density of buildings affect the city's atmosphere?,The dense buildings create a dynamic and bustling urban environment.,The crowded buildings make the city feel cramped and claustrophobic.
What can be said about the accessibility of the city?,The wide streets and clear crosswalks make the city feel accessible to all.,The busy roads and crowded sidewalks make the city feel difficult to navigate.
How does the traffic flow in the image affect the city?,The smooth traffic flow reflects a well-organized urban system.,The heavy traffic suggests a city struggling with congestion and inefficiency.
How do the skyscrapers shape the city's skyline?,The tall skyscrapers create an impressive and iconic skyline.,"The towering buildings overshadow the rest of the city, making it feel small and insignificant."
What does the combination of cars and pedestrians say about the city?,The mix of cars and people shows a city that balances transportation modes well.,The heavy presence of cars and pedestrians makes the city feel crowded and busy.
How does the urban infrastructure support the city's growth?,The modern infrastructure supports the city's continued growth and development.,The overwhelming infrastructure feels like it's outgrowing the city's capacity.
What does the city's energy suggest about its culture?,"The lively, bustling energy of the city reflects a culture of progress and ambition.","The relentless energy feels exhausting, leaving little room for rest or reflection."
How does the setting sun influence the mood of the image?,"The setting sun bathes the city in a warm, golden light, enhancing its beauty.","The fading sunlight casts long shadows, making the city feel cold and distant."
What can be inferred about the city's economy from the image?,The vibrant commercial areas and bustling streets suggest a thriving economy.,The overwhelming commercial presence suggests a city overly focused on profit.
How does the city's layout affect its sense of community?,The open intersections and pedestrian-friendly streets encourage social interaction.,The busy roads and towering buildings make the city feel disconnected and impersonal.
What role do the high-rise buildings play in shaping the city's character?,The high-rise buildings give the city a sense of modernity and progress.,"The towering buildings create a sense of detachment, making the city feel less human."
How does the urban density in the image influence the city's atmosphere?,The high urban density creates a lively and energetic atmosphere.,The crowded buildings and streets make the city feel suffocating and overly busy.
What can be said about the lighting in the image?,The bright city lights give the scene a vibrant and welcoming feel.,The intense lighting makes the city feel harsh and overly commercialized.
How does the mix of old and new architecture reflect the city's history?,The blend of old and new architecture shows a city that respects its history while embracing modernity.,The clash between old and new styles makes the city feel disjointed.
What does the presence of advertisements say about the city?,The prominent ads and billboards show the city's status as a commercial hub.,The overwhelming advertisements make the city feel more like a marketplace than a community.
How does the intersection influence the flow of people and vehicles?,The well-designed intersection allows for smooth movement of both pedestrians and cars.,"The crowded intersection feels chaotic, with people and cars constantly vying for space."
How does the overall composition of the image affect the viewer's perception of the city?,"The balanced composition of buildings, streets, and people creates a dynamic and engaging urban scene.",The crowded composition makes the city feel overwhelming and hard to navigate.
What can be said about the atmosphere created by the combination of lights and people?,"The combination of bright lights and bustling crowds gives the city a vibrant, energetic feel.",The intense lights and crowds make the city feel stressful and overstimulating.
